video-id,t-start,t-end,label
video_validation_0000664,20.4,29.9,PoleVault
video_validation_0000664,33.8,37.8,PoleVault
video_validation_0000664,43.5,49.2,PoleVault
video_validation_0000664,53.0,59.3,PoleVault
video_validation_0000664,63.9,68.6,PoleVault
video_validation_0000664,72.7,78.8,PoleVault
video_validation_0000664,85.4,93.1,PoleVault
video_validation_0000664,97.6,105.0,PoleVault
video_validation_0000318,23.0,28.3,HammerThrow
video_validation_0000318,28.9,34.3,HammerThrow
video_validation_0000318,39.7,45.4,HammerThrow
video_validation_0000318,46.3,52.0,HammerThrow
video_validation_0000318,52.2,57.8,HammerThrow
video_validation_0000318,58.6,63.5,HammerThrow
video_validation_0000318,63.8,68.8,HammerThrow
video_validation_0000318,69.9,74.4,HammerThrow
video_validation_0000318,74.8,79.0,HammerThrow
video_validation_0000318,79.5,84.7,HammerThrow
video_validation_0000318,89.1,97.0,HammerThrow
video_validation_0000318,97.3,104.0,HammerThrow
video_validation_0000318,104.7,108.6,HammerThrow
video_validation_0000318,109.1,115.0,HammerThrow
video_validation_0000318,116.9,121.7,HammerThrow
video_validation_0000318,122.1,125.8,HammerThrow
video_validation_0000318,131.3,141.0,HammerThrow
video_validation_0000318,142.1,155.4,HammerThrow
video_validation_0000318,159.8,164.9,HammerThrow
video_validation_0000318,165.8,171.3,HammerThrow
video_validation_0000318,171.6,174.5,HammerThrow
video_validation_0000318,175.4,180.5,HammerThrow
video_validation_0000318,180.9,186.7,HammerThrow
video_validation_0000314,0.0,9.1,HammerThrow
video_validation_0000314,11.2,20.4,HammerThrow
video_validation_0000314,21.2,30.1,HammerThrow
video_validation_0000314,31.6,38.2,HammerThrow
video_validation_0000314,40.0,49.1,HammerThrow
video_validation_0000314,49.7,58.7,HammerThrow
video_validation_0000314,62.7,70.6,HammerThrow
video_validation_0000314,74.0,82.1,HammerThrow
video_validation_0000314,84.3,92.2,HammerThrow
video_validation_0000314,93.0,100.0,HammerThrow
video_validation_0000314,101.4,110.4,HammerThrow
video_validation_0000314,112.4,119.3,HammerThrow
video_validation_0000314,120.5,130.2,HammerThrow
video_validation_0000314,133.2,140.3,HammerThrow
video_validation_0000314,141.2,148.7,HammerThrow
video_validation_0000314,149.6,157.3,HammerThrow
video_validation_0000314,161.0,169.0,HammerThrow
video_validation_0000314,173.5,182.5,HammerThrow
video_validation_0000314,183.1,190.2,HammerThrow
video_validation_0000314,191.5,199.0,HammerThrow
video_validation_0000314,200.0,210.0,HammerThrow
video_validation_0000314,215.0,222.0,HammerThrow
video_validation_0000314,222.9,228.8,HammerThrow
video_validation_0000314,229.9,235.9,HammerThrow
video_validation_0000314,240.0,248.6,HammerThrow
video_validation_0000314,249.6,254.8,HammerThrow
video_validation_0000314,256.3,263.1,HammerThrow
video_validation_0000314,264.1,271.4,HammerThrow
video_validation_0000314,274.5,282.7,HammerThrow
video_validation_0000314,287.6,295.3,HammerThrow
video_validation_0000314,295.7,303.0,HammerThrow
video_validation_0000314,304.1,315.1,HammerThrow
video_validation_0000314,316.4,326.9,HammerThrow
video_validation_0000314,329.8,338.2,HammerThrow
video_validation_0000314,340.2,344.8,HammerThrow
video_validation_0000314,345.9,354.3,HammerThrow
video_validation_0000314,354.5,362.6,HammerThrow
video_validation_0000314,364.4,371.5,HammerThrow
video_validation_0000314,373.7,381.1,HammerThrow
video_validation_0000314,386.5,393.3,HammerThrow
video_validation_0000314,393.8,402.7,HammerThrow
video_validation_0000314,404.4,411.5,HammerThrow
video_validation_0000314,413.3,420.7,HammerThrow
video_validation_0000314,421.5,428.1,HammerThrow
video_validation_0000314,430.3,436.9,HammerThrow
video_validation_0000314,437.3,444.0,HammerThrow
video_validation_0000314,446.9,452.6,HammerThrow
video_validation_0000314,454.9,462.9,HammerThrow
video_validation_0000314,464.8,470.6,HammerThrow
video_validation_0000314,472.3,479.0,HammerThrow
video_validation_0000314,482.1,489.8,HammerThrow
video_validation_0000314,490.9,497.7,HammerThrow
video_validation_0000314,503.2,510.3,HammerThrow
video_validation_0000314,511.0,520.2,HammerThrow
video_validation_0000314,522.9,528.2,HammerThrow
video_validation_0000314,531.3,538.0,HammerThrow
video_validation_0000314,538.2,547.4,HammerThrow
video_validation_0000314,549.3,555.3,HammerThrow
video_validation_0000314,557.3,563.9,HammerThrow
video_validation_0000314,564.4,571.5,HammerThrow
video_validation_0000314,572.2,582.3,HammerThrow
video_validation_0000314,582.8,591.5,HammerThrow
video_validation_0000314,594.1,600.9,HammerThrow
video_validation_0000314,602.3,609.4,HammerThrow
video_validation_0000314,611.3,619.2,HammerThrow
video_validation_0000314,621.2,626.1,HammerThrow
video_validation_0000314,626.8,633.7,HammerThrow
video_validation_0000314,635.1,641.0,HammerThrow
video_validation_0000314,642.8,648.3,HammerThrow
video_validation_0000314,651.3,658.5,HammerThrow
video_validation_0000314,661.1,669.0,HammerThrow
video_validation_0000314,673.3,681.4,HammerThrow
video_validation_0000314,684.4,689.5,HammerThrow
video_validation_0000314,689.9,699.1,HammerThrow
video_validation_0000314,701.0,706.8,HammerThrow
video_validation_0000314,707.6,713.7,HammerThrow
video_validation_0000314,714.9,722.4,HammerThrow
video_validation_0000314,727.2,734.0,HammerThrow
video_validation_0000314,734.7,741.8,HammerThrow
video_validation_0000314,742.8,750.6,HammerThrow
video_validation_0000314,758.2,764.9,HammerThrow
video_validation_0000314,765.8,770.3,HammerThrow
video_validation_0000314,770.6,777.4,HammerThrow
video_validation_0000314,780.9,788.5,HammerThrow
video_validation_0000314,791.1,797.5,HammerThrow
video_validation_0000314,800.5,807.3,HammerThrow
video_validation_0000314,811.9,819.3,HammerThrow
video_validation_0000314,822.5,829.3,HammerThrow
video_validation_0000314,832.4,838.8,HammerThrow
video_validation_0000314,844.2,849.1,HammerThrow
video_validation_0000314,850.1,857.8,HammerThrow
video_validation_0000314,858.9,865.9,HammerThrow
video_validation_0000314,869.9,876.1,HammerThrow
video_validation_0000314,880.0,886.8,HammerThrow
video_validation_0000314,888.4,896.3,HammerThrow
video_validation_0000682,1.5,5.4,BaseballPitch
video_validation_0000682,79.3,83.9,BaseballPitch
video_validation_0000681,44.0,50.9,BaseballPitch
video_validation_0000315,4.8,15.1,HammerThrow
video_validation_0000315,24.2,31.2,HammerThrow
video_validation_0000315,41.1,50.8,HammerThrow
video_validation_0000315,59.2,67.4,HammerThrow
video_validation_0000315,75.0,84.2,HammerThrow
video_validation_0000315,94.5,100.6,HammerThrow
video_validation_0000315,120.1,127.8,HammerThrow
video_validation_0000688,77.6,81.9,BaseballPitch
video_validation_0000688,103.7,106.7,BaseballPitch
video_validation_0000688,127.3,130.1,BaseballPitch
video_validation_0000943,5.0,12.0,ThrowDiscus
video_validation_0000943,14.3,20.8,ThrowDiscus
video_validation_0000943,26.2,29.7,ThrowDiscus
video_validation_0000943,63.3,69.2,ThrowDiscus
video_validation_0000943,70.0,75.3,ThrowDiscus
video_validation_0000851,11.8,15.7,SoccerPenalty
video_validation_0000851,17.4,20.5,SoccerPenalty
video_validation_0000685,18.7,23.4,BaseballPitch
video_validation_0000685,23.4,26.7,BaseballPitch
video_validation_0000685,43.8,48.1,BaseballPitch
video_validation_0000685,55.1,58.2,BaseballPitch
video_validation_0000685,63.2,66.8,BaseballPitch
video_validation_0000685,67.2,71.3,BaseballPitch
video_validation_0000685,78.4,81.5,BaseballPitch
video_validation_0000316,166.7,175.3,HammerThrow
video_validation_0000316,175.9,179.7,HammerThrow
video_validation_0000316,180.7,189.6,HammerThrow
video_validation_0000316,190.1,193.2,HammerThrow
video_validation_0000316,194.3,197.0,HammerThrow
video_validation_0000316,198.1,201.3,HammerThrow
video_validation_0000942,1.3,9.8,ThrowDiscus
video_validation_0000942,18.8,26.8,ThrowDiscus
video_validation_0000942,40.0,44.2,ThrowDiscus
video_validation_0000942,53.0,60.4,ThrowDiscus
video_validation_0000858,39.6,44.5,SoccerPenalty
video_validation_0000858,55.8,58.8,SoccerPenalty
video_validation_0000319,4.2,8.9,HammerThrow
video_validation_0000319,17.8,24.4,HammerThrow
video_validation_0000319,44.2,49.7,HammerThrow
video_validation_0000319,63.1,68.7,HammerThrow
video_validation_0000319,93.5,97.7,HammerThrow
video_validation_0000319,116.1,121.3,HammerThrow
video_validation_0000319,169.3,174.6,HammerThrow
video_validation_0000319,187.0,197.1,HammerThrow
video_validation_0000319,228.2,231.9,HammerThrow
video_validation_0000319,251.8,256.5,HammerThrow
video_validation_0000668,0.0,13.6,PoleVault
video_validation_0000668,14.0,23.0,PoleVault
video_validation_0000668,23.4,28.7,PoleVault
video_validation_0000668,29.0,35.4,PoleVault
video_validation_0000668,35.6,39.6,PoleVault
video_validation_0000668,39.8,45.5,PoleVault
video_validation_0000668,46.6,50.7,PoleVault
video_validation_0000668,51.1,58.3,PoleVault
video_validation_0000668,58.6,63.3,PoleVault
video_validation_0000668,63.8,70.7,PoleVault
video_validation_0000668,70.9,78.3,PoleVault
video_validation_0000668,79.4,84.5,PoleVault
video_validation_0000668,85.0,91.8,PoleVault
video_validation_0000668,92.2,96.6,PoleVault
video_validation_0000668,97.1,103.2,PoleVault
video_validation_0000668,104.2,108.5,PoleVault
video_validation_0000668,108.9,115.3,PoleVault
video_validation_0000668,117.2,122.6,PoleVault
video_validation_0000668,123.3,129.8,PoleVault
video_validation_0000668,132.7,137.0,PoleVault
video_validation_0000668,137.7,145.2,PoleVault
video_validation_0000668,146.8,151.8,PoleVault
video_validation_0000668,152.6,159.2,PoleVault
video_validation_0000668,159.6,164.2,PoleVault
video_validation_0000668,164.7,172.1,PoleVault
video_validation_0000668,173.0,177.9,PoleVault
video_validation_0000668,178.3,185.0,PoleVault
video_validation_0000668,188.0,193.1,PoleVault
video_validation_0000668,193.6,199.7,PoleVault
video_validation_0000668,200.9,206.9,PoleVault
video_validation_0000668,207.4,214.6,PoleVault
video_validation_0000668,216.9,231.2,PoleVault
video_validation_0000668,232.2,237.3,PoleVault
video_validation_0000668,237.9,244.1,PoleVault
video_validation_0000668,246.0,251.4,PoleVault
video_validation_0000668,252.0,258.5,PoleVault
video_validation_0000668,259.3,266.0,PoleVault
video_validation_0000668,267.0,272.1,PoleVault
video_validation_0000668,272.5,277.3,PoleVault
video_validation_0000668,277.9,284.8,PoleVault
video_validation_0000668,285.9,291.1,PoleVault
video_validation_0000668,291.6,297.8,PoleVault
video_validation_0000668,300.1,311.9,PoleVault
video_validation_0000668,312.3,320.0,PoleVault
video_validation_0000668,321.9,326.7,PoleVault
video_validation_0000668,327.2,332.6,PoleVault
video_validation_0000668,333.2,367.1,PoleVault
video_validation_0000317,5.5,16.1,HammerThrow
video_validation_0000317,53.6,57.0,HammerThrow
video_validation_0000317,60.6,68.9,HammerThrow
video_validation_0000317,100.2,102.9,HammerThrow
video_validation_0000317,105.2,112.5,HammerThrow
video_validation_0000317,137.1,141.3,HammerThrow
video_validation_0000317,151.1,159.5,HammerThrow
video_validation_0000317,197.5,202.1,HammerThrow
video_validation_0000948,0.0,24.7,ThrowDiscus
video_validation_0000945,2.4,7.0,ThrowDiscus
video_validation_0000945,28.0,29.3,ThrowDiscus
video_validation_0000945,29.5,31.9,ThrowDiscus
video_validation_0000945,32.2,35.5,ThrowDiscus
video_validation_0000945,36.0,42.0,ThrowDiscus
video_validation_0000945,42.3,45.8,ThrowDiscus
video_validation_0000945,46.2,52.3,ThrowDiscus
video_validation_0000945,52.6,56.4,ThrowDiscus
video_validation_0000945,56.6,61.8,ThrowDiscus
video_validation_0000945,62.2,66.4,ThrowDiscus
video_validation_0000945,66.7,72.2,ThrowDiscus
video_validation_0000945,72.5,76.1,ThrowDiscus
video_validation_0000945,76.3,82.4,ThrowDiscus
video_validation_0000945,82.6,86.5,ThrowDiscus
video_validation_0000945,86.8,91.7,ThrowDiscus
video_validation_0000945,91.9,97.8,ThrowDiscus
video_validation_0000945,98.0,101.5,ThrowDiscus
video_validation_0000945,101.8,109.4,ThrowDiscus
video_validation_0000945,109.5,115.2,ThrowDiscus
video_validation_0000945,115.4,121.0,ThrowDiscus
video_validation_0000945,121.4,123.7,ThrowDiscus
video_validation_0000311,0.0,1.5,HammerThrow
video_validation_0000311,13.9,21.5,HammerThrow
video_validation_0000311,55.4,63.6,HammerThrow
video_validation_0000311,75.3,81.4,HammerThrow
video_validation_0000311,94.9,101.4,HammerThrow
video_validation_0000311,115.2,125.0,HammerThrow
video_validation_0000311,139.3,149.8,HammerThrow
video_validation_0000311,179.1,186.1,HammerThrow
video_validation_0000311,198.4,206.6,HammerThrow
video_validation_0000311,244.0,253.1,HammerThrow
video_validation_0000311,266.2,273.6,HammerThrow
video_validation_0000311,309.4,320.2,HammerThrow
video_validation_0000311,334.8,344.4,HammerThrow
video_validation_0000311,357.1,364.7,HammerThrow
video_validation_0000311,377.7,385.8,HammerThrow
video_validation_0000311,419.6,429.7,HammerThrow
video_validation_0000311,446.6,456.4,HammerThrow
video_validation_0000311,509.8,521.0,HammerThrow
video_validation_0000311,533.0,540.9,HammerThrow
video_validation_0000311,564.8,573.9,HammerThrow
video_validation_0000311,587.0,594.7,HammerThrow
video_validation_0000311,605.8,611.1,HammerThrow
video_validation_0000311,635.4,644.8,HammerThrow
video_validation_0000311,661.0,668.5,HammerThrow
video_validation_0000311,677.3,685.2,HammerThrow
video_validation_0000311,207.2,213.5,HammerThrow
video_validation_0000311,345.2,351.8,HammerThrow
video_validation_0000311,386.2,393.0,HammerThrow
video_validation_0000311,456.8,466.5,HammerThrow
video_validation_0000266,72.8,76.4,BaseballPitch
video_validation_0000683,0.3,5.5,BaseballPitch
video_validation_0000683,7.5,13.5,BaseballPitch
video_validation_0000683,15.9,18.1,BaseballPitch
video_validation_0000683,23.8,25.7,BaseballPitch
video_validation_0000852,3.2,6.5,SoccerPenalty
video_validation_0000852,12.8,15.8,SoccerPenalty
video_validation_0000852,16.6,20.4,SoccerPenalty
video_validation_0000852,21.4,24.5,SoccerPenalty
video_validation_0000852,25.8,28.8,SoccerPenalty
video_validation_0000852,34.8,37.5,SoccerPenalty
video_validation_0000852,38.1,41.8,SoccerPenalty
video_validation_0000852,43.9,46.5,SoccerPenalty
video_validation_0000852,47.2,50.0,SoccerPenalty
video_validation_0000852,57.6,60.7,SoccerPenalty
video_validation_0000852,61.1,64.0,SoccerPenalty
video_validation_0000852,70.8,73.7,SoccerPenalty
video_validation_0000852,80.2,82.6,SoccerPenalty
video_validation_0000852,84.2,86.6,SoccerPenalty
video_validation_0000852,90.0,94.4,SoccerPenalty
video_validation_0000852,101.7,104.6,SoccerPenalty
video_validation_0000852,105.0,107.9,SoccerPenalty
video_validation_0000852,114.4,117.2,SoccerPenalty
video_validation_0000852,124.0,126.5,SoccerPenalty
video_validation_0000852,127.5,131.0,SoccerPenalty
video_validation_0000852,134.7,138.4,SoccerPenalty
video_validation_0000852,145.3,148.2,SoccerPenalty
video_validation_0000852,149.6,151.7,SoccerPenalty
video_validation_0000852,152.7,155.1,SoccerPenalty
video_validation_0000852,157.8,161.0,SoccerPenalty
video_validation_0000852,167.4,170.3,SoccerPenalty
video_validation_0000852,170.8,173.0,SoccerPenalty
video_validation_0000852,173.6,175.2,SoccerPenalty
video_validation_0000852,176.9,181.5,SoccerPenalty
video_validation_0000852,188.7,192.4,SoccerPenalty
video_validation_0000852,194.0,199.0,SoccerPenalty
video_validation_0000852,212.7,216.5,SoccerPenalty
video_validation_0000312,2.2,10.5,HammerThrow
video_validation_0000312,19.6,27.2,HammerThrow
video_validation_0000312,48.8,55.3,HammerThrow
video_validation_0000949,4.9,9.2,ThrowDiscus
video_validation_0000663,0.0,7.4,PoleVault
video_validation_0000663,17.5,24.1,PoleVault
video_validation_0000663,62.5,72.3,PoleVault
video_validation_0000663,90.8,95.4,PoleVault
video_validation_0000663,96.4,103.3,PoleVault
video_validation_0000663,113.8,120.8,PoleVault
video_validation_0000663,122.1,130.4,PoleVault
video_validation_0000663,180.2,187.5,PoleVault
video_validation_0000663,189.6,196.1,PoleVault
video_validation_0000663,198.1,204.6,PoleVault
video_validation_0000663,206.4,212.8,PoleVault
video_validation_0000855,2.4,4.2,SoccerPenalty
video_validation_0000855,117.2,119.0,SoccerPenalty
video_validation_0000855,137.4,139.5,SoccerPenalty
video_validation_0000690,5.7,10.6,BaseballPitch
video_validation_0000690,14.9,18.1,BaseballPitch
video_validation_0000690,35.0,38.0,BaseballPitch
video_validation_0000690,156.8,161.3,BaseballPitch
video_validation_0000690,251.6,256.2,BaseballPitch
video_validation_0000689,0.5,4.9,BaseballPitch
video_validation_0000860,6.4,10.0,SoccerPenalty
video_validation_0000860,19.6,26.1,SoccerPenalty
video_validation_0000666,191.5,204.3,PoleVault
video_validation_0000666,216.3,223.6,PoleVault
video_validation_0000666,229.8,238.5,PoleVault
video_validation_0000666,271.8,280.9,PoleVault
video_validation_0000666,286.6,298.0,PoleVault
video_validation_0000666,313.8,323.1,PoleVault
video_validation_0000666,329.9,337.7,PoleVault
video_validation_0000666,351.1,360.1,PoleVault
video_validation_0000666,370.5,377.7,PoleVault
video_validation_0000666,385.0,398.0,PoleVault
video_validation_0000666,438.8,451.0,PoleVault
video_validation_0000666,455.1,465.9,PoleVault
video_validation_0000666,475.0,485.8,PoleVault
video_validation_0000666,493.7,502.0,PoleVault
video_validation_0000666,521.5,530.7,PoleVault
video_validation_0000666,538.3,547.1,PoleVault
video_validation_0000666,552.5,560.7,PoleVault
video_validation_0000666,568.2,579.9,PoleVault
video_validation_0000666,620.2,634.3,PoleVault
video_validation_0000666,642.8,650.7,PoleVault
video_validation_0000941,21.4,27.3,ThrowDiscus
video_validation_0000941,65.8,71.2,ThrowDiscus
video_validation_0000941,79.5,87.1,ThrowDiscus
video_validation_0000941,120.0,128.5,ThrowDiscus
video_validation_0000941,145.7,148.2,ThrowDiscus
video_validation_0000941,156.8,163.4,ThrowDiscus
video_validation_0000941,188.3,193.8,ThrowDiscus
video_validation_0000941,204.3,211.9,ThrowDiscus
video_validation_0000320,30.9,36.7,HammerThrow
video_validation_0000320,48.7,54.0,HammerThrow
video_validation_0000320,104.4,112.6,HammerThrow
video_validation_0000320,129.6,145.9,HammerThrow
video_validation_0000320,162.7,170.5,HammerThrow
video_validation_0000320,217.1,221.7,HammerThrow
video_validation_0000320,233.4,236.5,HammerThrow
video_validation_0000320,271.0,277.6,HammerThrow
video_validation_0000320,291.6,298.4,HammerThrow
video_validation_0000320,391.3,399.7,HammerThrow
video_validation_0000320,367.7,374.0,HammerThrow
video_validation_0000320,472.9,479.6,HammerThrow
video_validation_0000320,491.8,500.4,HammerThrow
video_validation_0000946,5.5,12.2,ThrowDiscus
video_validation_0000946,16.6,82.2,ThrowDiscus
video_validation_0000684,21.8,23.3,BaseballPitch
video_validation_0000684,40.0,43.1,BaseballPitch
video_validation_0000684,63.7,66.6,BaseballPitch
video_validation_0000856,19.9,21.4,SoccerPenalty
video_validation_0000856,56.6,61.1,SoccerPenalty
video_validation_0000856,63.7,65.0,SoccerPenalty
video_validation_0000856,8.5,10.0,SoccerPenalty
video_validation_0000856,35.2,38.9,SoccerPenalty
video_validation_0000856,70.4,71.3,SoccerPenalty
video_validation_0000856,72.2,76.0,SoccerPenalty
video_validation_0000786,7.9,12.9,ThrowDiscus
video_validation_0000687,5.1,7.1,BaseballPitch
video_validation_0000687,17.7,20.5,BaseballPitch
video_validation_0000857,3.8,11.4,SoccerPenalty
video_validation_0000857,15.2,17.7,SoccerPenalty
video_validation_0000857,20.4,22.5,SoccerPenalty
video_validation_0000857,25.8,28.2,SoccerPenalty
video_validation_0000857,31.1,32.7,SoccerPenalty
video_validation_0000857,35.6,38.2,SoccerPenalty
video_validation_0000857,39.9,48.0,SoccerPenalty
video_validation_0000670,73.9,91.6,PoleVault
video_validation_0000313,10.2,20.7,HammerThrow
video_validation_0000313,25.0,29.0,HammerThrow
video_validation_0000313,36.4,45.4,HammerThrow
video_validation_0000313,52.0,62.2,HammerThrow
video_validation_0000313,74.0,81.9,HammerThrow
video_validation_0000667,5.1,14.8,PoleVault
video_validation_0000667,29.6,35.8,PoleVault
video_validation_0000667,46.8,54.4,PoleVault
video_validation_0000665,31.1,36.1,PoleVault
video_validation_0000665,36.4,40.9,PoleVault
video_validation_0000665,44.0,50.0,PoleVault
video_validation_0000665,51.4,56.2,PoleVault
video_validation_0000665,71.5,83.3,PoleVault
video_validation_0000665,84.6,103.3,PoleVault
video_validation_0000665,103.7,117.0,PoleVault
video_validation_0000665,186.9,195.4,PoleVault
video_validation_0000665,195.6,202.1,PoleVault
video_validation_0000665,207.1,212.4,PoleVault
video_validation_0000665,212.7,232.5,PoleVault
video_validation_0000947,0.0,98.2,ThrowDiscus
video_validation_0000854,3.8,4.7,SoccerPenalty
video_validation_0000686,2.4,5.0,BaseballPitch
video_validation_0000859,5.2,7.4,SoccerPenalty
video_validation_0000859,26.4,30.9,SoccerPenalty
video_validation_0000859,38.5,46.1,SoccerPenalty
video_validation_0000853,0.4,2.5,SoccerPenalty
video_validation_0000853,44.8,48.6,SoccerPenalty
video_validation_0000853,51.6,55.5,SoccerPenalty
video_validation_0000853,58.1,61.9,SoccerPenalty
video_validation_0000853,65.9,70.7,SoccerPenalty
video_validation_0000944,6.0,12.5,ThrowDiscus
video_validation_0000944,15.8,18.2,ThrowDiscus
video_validation_0000944,18.8,21.8,ThrowDiscus
video_validation_0000944,22.6,27.1,ThrowDiscus
video_validation_0000944,27.4,30.7,ThrowDiscus
video_validation_0000944,35.8,37.2,ThrowDiscus
video_validation_0000944,37.4,38.1,ThrowDiscus
video_validation_0000944,38.2,39.0,ThrowDiscus
video_validation_0000944,39.2,39.9,ThrowDiscus
video_validation_0000944,40.0,40.6,ThrowDiscus
video_validation_0000944,40.8,41.5,ThrowDiscus
video_validation_0000944,41.7,42.2,ThrowDiscus
video_validation_0000944,42.5,43.1,ThrowDiscus
video_validation_0000944,43.4,44.0,ThrowDiscus
video_validation_0000944,44.2,44.8,ThrowDiscus
video_validation_0000944,45.1,45.8,ThrowDiscus
video_validation_0000944,45.9,46.7,ThrowDiscus
video_validation_0000944,46.8,47.5,ThrowDiscus
video_validation_0000944,47.8,48.4,ThrowDiscus
video_validation_0000944,48.6,49.2,ThrowDiscus
video_validation_0000944,49.6,50.2,ThrowDiscus
video_validation_0000944,50.4,51.2,ThrowDiscus
video_validation_0000944,51.4,52.1,ThrowDiscus
video_validation_0000944,52.2,53.0,ThrowDiscus
video_validation_0000944,53.2,53.9,ThrowDiscus
video_validation_0000944,54.0,54.9,ThrowDiscus
video_validation_0000944,55.0,55.8,ThrowDiscus
video_validation_0000944,56.0,58.6,ThrowDiscus
video_validation_0000944,59.3,61.4,ThrowDiscus
video_validation_0000944,62.5,64.9,ThrowDiscus
video_validation_0000944,64.9,66.9,ThrowDiscus
video_validation_0000944,67.0,68.0,ThrowDiscus
video_validation_0000944,68.1,68.8,ThrowDiscus
video_validation_0000944,68.8,69.3,ThrowDiscus
video_validation_0000944,69.4,69.9,ThrowDiscus
video_validation_0000944,70.0,70.8,ThrowDiscus
video_validation_0000944,70.8,71.3,ThrowDiscus
video_validation_0000944,71.4,71.9,ThrowDiscus
video_validation_0000944,72.0,72.7,ThrowDiscus
video_validation_0000944,72.8,73.2,ThrowDiscus
video_validation_0000944,73.3,73.8,ThrowDiscus
video_validation_0000944,73.8,74.6,ThrowDiscus
video_validation_0000944,74.7,77.1,ThrowDiscus
video_validation_0000944,77.6,80.0,ThrowDiscus
video_validation_0000944,80.9,82.8,ThrowDiscus
video_validation_0000944,82.9,85.7,ThrowDiscus
video_validation_0000944,86.5,89.2,ThrowDiscus
video_validation_0000944,89.5,92.1,ThrowDiscus
video_validation_0000944,92.4,94.6,ThrowDiscus
video_validation_0000944,95.3,98.3,ThrowDiscus
video_validation_0000944,98.4,101.0,ThrowDiscus
video_validation_0000944,108.0,113.7,ThrowDiscus
video_validation_0000944,118.0,122.5,ThrowDiscus
video_validation_0000944,138.8,142.1,ThrowDiscus
video_validation_0000944,142.2,143.7,ThrowDiscus
video_validation_0000944,143.8,144.3,ThrowDiscus
video_validation_0000944,144.3,144.8,ThrowDiscus
video_validation_0000944,144.9,145.7,ThrowDiscus
video_validation_0000944,145.8,146.3,ThrowDiscus
video_validation_0000944,146.4,146.8,ThrowDiscus
video_validation_0000944,146.8,147.7,ThrowDiscus
video_validation_0000944,147.7,148.2,ThrowDiscus
video_validation_0000944,148.3,148.8,ThrowDiscus
video_validation_0000944,148.8,149.6,ThrowDiscus
video_validation_0000944,149.6,153.1,ThrowDiscus
video_validation_0000944,153.3,155.8,ThrowDiscus
video_validation_0000944,156.8,160.0,ThrowDiscus
video_validation_0000944,160.1,164.3,ThrowDiscus
video_validation_0000944,164.6,167.0,ThrowDiscus
video_validation_0000944,167.7,170.2,ThrowDiscus
video_validation_0000944,170.8,174.4,ThrowDiscus
video_validation_0000944,174.8,177.9,ThrowDiscus
video_validation_0000944,178.1,180.3,ThrowDiscus
video_validation_0000944,181.4,184.1,ThrowDiscus
video_validation_0000944,184.6,187.1,ThrowDiscus
video_validation_0000662,7.1,18.6,PoleVault
video_validation_0000662,19.2,30.8,PoleVault
video_validation_0000662,31.3,42.9,PoleVault
video_validation_0000662,43.0,54.8,PoleVault
video_validation_0000662,55.0,74.0,PoleVault
video_validation_0000662,74.2,86.0,PoleVault
video_validation_0000662,86.2,96.9,PoleVault
video_validation_0000950,4.9,9.2,ThrowDiscus
video_validation_0000661,57.1,65.3,PoleVault
video_validation_0000661,110.0,115.5,PoleVault
video_validation_0000661,115.8,120.8,PoleVault
video_validation_0000661,121.0,130.7,PoleVault
video_validation_0000669,52.7,59.1,PoleVault
video_validation_0000669,65.0,68.0,PoleVault
video_validation_0000669,98.9,103.9,PoleVault
video_validation_0000669,117.3,120.8,PoleVault
video_validation_0000669,133.4,137.5,PoleVault
video_validation_0000669,142.1,147.4,PoleVault
video_validation_0000669,153.1,157.6,PoleVault
video_validation_0000669,164.5,172.6,PoleVault
video_test_0000372,6.0,14.0,HammerThrow
video_test_0000372,16.5,22.7,HammerThrow
video_test_0000372,26.3,34.1,HammerThrow
video_test_0000372,37.7,43.1,HammerThrow
video_test_0000372,45.0,59.0,HammerThrow
video_test_0000372,64.3,70.4,HammerThrow
video_test_0000372,79.9,88.7,HammerThrow
video_test_0000372,92.3,128.1,HammerThrow
video_test_0000372,131.5,139.9,HammerThrow
video_test_0000372,144.6,151.6,HammerThrow
video_test_0000372,157.4,198.1,HammerThrow
video_test_0000372,200.9,207.5,HammerThrow
video_test_0000372,219.5,227.6,HammerThrow
video_test_0000372,228.5,236.6,HammerThrow
video_test_0000372,241.8,248.9,HammerThrow
video_test_0000372,250.4,258.3,HammerThrow
video_test_0000372,260.5,292.3,HammerThrow
video_test_0000443,0.0,7.1,HammerThrow
video_test_0000443,23.6,33.4,HammerThrow
video_test_0000443,48.2,55.8,HammerThrow
video_test_0000443,72.9,79.8,HammerThrow
video_test_0000443,112.9,119.8,HammerThrow
video_test_0000443,133.4,139.8,HammerThrow
video_test_0000443,164.2,171.9,HammerThrow
video_test_0000443,195.0,199.9,HammerThrow
video_test_0000443,237.2,245.4,HammerThrow
video_test_0000443,262.6,270.3,HammerThrow
video_test_0001468,0.0,6.4,ThrowDiscus
video_test_0001468,7.5,12.1,ThrowDiscus
video_test_0001468,12.4,19.9,ThrowDiscus
video_test_0001468,22.0,26.6,ThrowDiscus
video_test_0001468,26.9,32.0,ThrowDiscus
video_test_0001468,32.4,37.2,ThrowDiscus
video_test_0001468,37.8,44.5,ThrowDiscus
video_test_0001468,46.7,49.8,ThrowDiscus
video_test_0001468,50.1,58.0,ThrowDiscus
video_test_0001468,58.3,61.8,ThrowDiscus
video_test_0001468,62.2,67.5,ThrowDiscus
video_test_0001468,68.1,73.4,ThrowDiscus
video_test_0001468,73.9,80.0,ThrowDiscus
video_test_0001468,80.2,86.1,ThrowDiscus
video_test_0001468,86.4,90.7,ThrowDiscus
video_test_0001468,90.9,95.3,ThrowDiscus
video_test_0001468,96.0,99.5,ThrowDiscus
video_test_0001468,100.3,105.1,ThrowDiscus
video_test_0001468,105.4,113.6,ThrowDiscus
video_test_0001072,6.8,14.7,HammerThrow
video_test_0001072,38.2,44.6,HammerThrow
video_test_0001072,62.4,76.8,HammerThrow
video_test_0001072,93.3,100.1,HammerThrow
video_test_0001072,116.9,131.6,HammerThrow
video_test_0001072,154.3,160.0,HammerThrow
video_test_0001072,181.4,194.4,HammerThrow
video_test_0001072,247.3,255.5,HammerThrow
video_test_0000950,11.6,20.8,HammerThrow
video_test_0000950,41.2,47.4,HammerThrow
video_test_0000950,82.6,91.1,HammerThrow
video_test_0000950,101.4,113.2,HammerThrow
video_test_0000950,131.9,140.1,HammerThrow
video_test_0000950,154.7,163.5,HammerThrow
video_test_0000950,209.6,218.8,HammerThrow
video_test_0000950,249.4,260.7,HammerThrow
video_test_0000950,272.9,279.7,HammerThrow
video_test_0000950,298.3,305.6,HammerThrow
video_test_0000950,336.6,342.6,HammerThrow
video_test_0000950,359.3,369.7,HammerThrow
video_test_0000950,390.9,396.3,HammerThrow
video_test_0000950,418.8,425.6,HammerThrow
video_test_0000950,452.0,456.6,HammerThrow
video_test_0000950,477.4,490.2,HammerThrow
video_test_0000950,517.0,523.1,HammerThrow
video_test_0000950,554.3,562.0,HammerThrow
video_test_0000950,580.8,591.0,HammerThrow
video_test_0000950,604.0,612.0,HammerThrow
video_test_0000950,632.9,643.2,HammerThrow
video_test_0000950,668.6,675.8,HammerThrow
video_test_0000950,698.2,708.5,HammerThrow
video_test_0000950,736.0,742.2,HammerThrow
video_test_0000950,767.0,777.9,HammerThrow
video_test_0000950,799.0,804.0,HammerThrow
video_test_0000950,823.6,831.7,HammerThrow
video_test_0000950,884.8,888.2,HammerThrow
video_test_0000950,912.2,922.9,HammerThrow
video_test_0000950,953.6,960.2,HammerThrow
video_test_0000950,973.5,983.6,HammerThrow
video_test_0000950,993.0,998.6,HammerThrow
video_test_0000950,1021.7,1028.2,HammerThrow
video_test_0000950,1046.8,1054.8,HammerThrow
video_test_0000950,1083.8,1091.7,HammerThrow
video_test_0000950,1117.2,1128.0,HammerThrow
video_test_0000950,1170.3,1181.7,HammerThrow
video_test_0000950,1205.6,1216.1,HammerThrow
video_test_0000950,1249.9,1254.4,HammerThrow
video_test_0000950,1276.6,1284.9,HammerThrow
video_test_0001080,0.0,23.3,ThrowDiscus
video_test_0000073,3.8,10.1,ThrowDiscus
video_test_0000073,21.7,23.4,ThrowDiscus
video_test_0000073,36.6,43.4,ThrowDiscus
video_test_0000073,50.4,53.6,ThrowDiscus
video_test_0001223,27.4,33.9,ThrowDiscus
video_test_0001223,74.2,82.7,ThrowDiscus
video_test_0001223,102.0,108.8,ThrowDiscus
video_test_0001431,33.0,41.3,HammerThrow
video_test_0001431,60.3,65.1,HammerThrow
video_test_0001431,71.1,79.0,HammerThrow
video_test_0001431,107.9,118.7,HammerThrow
video_test_0001431,136.0,142.2,HammerThrow
video_test_0001431,146.5,150.6,HammerThrow
video_test_0001431,157.8,161.7,HammerThrow
video_test_0001431,213.1,220.3,HammerThrow
video_test_0001431,238.0,242.0,HammerThrow
video_test_0001431,245.9,250.0,HammerThrow
video_test_0001431,299.0,306.2,HammerThrow
video_test_0001431,321.8,327.7,HammerThrow
video_test_0001431,328.5,333.4,HammerThrow
video_test_0000591,10.5,11.6,SoccerPenalty
video_test_0000591,24.3,25.9,SoccerPenalty
video_test_0000541,1.7,4.8,SoccerPenalty
video_test_0000541,10.1,12.0,SoccerPenalty
video_test_0001118,22.6,27.5,SoccerPenalty
video_test_0001118,48.7,56.8,SoccerPenalty
video_test_0001484,53.7,55.8,SoccerPenalty
video_test_0001484,56.7,58.9,SoccerPenalty
video_test_0001484,59.4,61.4,SoccerPenalty
video_test_0001484,61.7,65.2,SoccerPenalty
video_test_0001484,65.8,67.9,SoccerPenalty
video_test_0001484,129.9,132.2,SoccerPenalty
video_test_0001484,132.9,135.3,SoccerPenalty
video_test_0001484,135.9,137.7,SoccerPenalty
video_test_0001484,138.3,141.7,SoccerPenalty
video_test_0001484,142.5,143.9,SoccerPenalty
video_test_0001484,198.1,200.2,SoccerPenalty
video_test_0000714,26.2,29.9,BaseballPitch
video_test_0000714,37.0,39.1,BaseballPitch
video_test_0000714,141.4,144.7,BaseballPitch
video_test_0000714,150.1,152.7,BaseballPitch
video_test_0001174,0.4,5.6,ThrowDiscus
video_test_0001174,7.3,14.0,ThrowDiscus
video_test_0001174,28.7,33.0,ThrowDiscus
video_test_0001174,49.4,56.4,ThrowDiscus
video_test_0001174,70.5,76.9,ThrowDiscus
video_test_0001174,94.7,101.2,ThrowDiscus
video_test_0001174,104.0,110.9,ThrowDiscus
video_test_0001174,114.0,119.6,ThrowDiscus
video_test_0001174,123.3,131.4,ThrowDiscus
video_test_0001174,134.4,141.1,ThrowDiscus
video_test_0001174,143.9,153.7,ThrowDiscus
video_test_0001174,154.0,158.6,ThrowDiscus
video_test_0001174,162.1,169.0,ThrowDiscus
video_test_0001174,173.0,178.5,ThrowDiscus
video_test_0001174,183.0,188.8,ThrowDiscus
video_test_0001174,194.0,198.4,ThrowDiscus
video_test_0001174,201.2,203.5,ThrowDiscus
video_test_0001174,207.3,212.6,ThrowDiscus
video_test_0001162,42.7,64.8,PoleVault
video_test_0001162,65.7,69.4,PoleVault
video_test_0001162,70.6,77.5,PoleVault
video_test_0001162,79.3,82.5,PoleVault
video_test_0001162,83.5,87.4,PoleVault
video_test_0001162,89.4,93.8,PoleVault
video_test_0001162,95.1,99.3,PoleVault
video_test_0001162,99.7,101.7,PoleVault
video_test_0001162,102.5,105.4,PoleVault
video_test_0000045,1.6,8.7,ThrowDiscus
video_test_0000045,12.6,23.7,ThrowDiscus
video_test_0000045,65.0,70.6,ThrowDiscus
video_test_0000045,93.4,102.7,ThrowDiscus
video_test_0000045,110.9,113.9,ThrowDiscus
video_test_0000045,123.0,125.4,ThrowDiscus
video_test_0000045,129.7,130.3,ThrowDiscus
video_test_0000045,130.8,131.6,ThrowDiscus
video_test_0000045,137.9,139.8,ThrowDiscus
video_test_0000045,171.1,175.5,ThrowDiscus
video_test_0000045,190.7,194.9,ThrowDiscus
video_test_0000045,225.4,227.9,ThrowDiscus
video_test_0000292,65.9,67.4,SoccerPenalty
video_test_0001201,7.0,11.7,PoleVault
video_test_0001201,24.8,25.4,PoleVault
video_test_0001201,173.0,178.4,PoleVault
video_test_0001201,181.2,184.3,PoleVault
video_test_0001201,190.1,193.5,PoleVault
video_test_0001201,207.6,211.9,PoleVault
video_test_0001201,215.5,221.4,PoleVault
video_test_0001201,224.0,228.0,PoleVault
video_test_0001201,275.0,279.7,PoleVault
video_test_0001201,310.1,318.1,PoleVault
video_test_0001201,329.7,334.6,PoleVault
video_test_0001201,343.4,346.6,PoleVault
video_test_0001201,354.0,357.9,PoleVault
video_test_0001201,360.0,364.7,PoleVault
video_test_0001201,366.7,371.1,PoleVault
video_test_0001201,380.5,382.4,PoleVault
video_test_0001201,382.6,383.7,PoleVault
video_test_0001201,383.8,385.0,PoleVault
video_test_0001201,385.1,386.1,PoleVault
video_test_0001201,386.2,388.5,PoleVault
video_test_0000671,9.4,15.1,ThrowDiscus
video_test_0000671,16.8,20.5,ThrowDiscus
video_test_0000671,24.4,31.8,ThrowDiscus
video_test_0000671,32.2,40.5,ThrowDiscus
video_test_0000671,41.7,46.9,ThrowDiscus
video_test_0000671,50.2,56.6,ThrowDiscus
video_test_0000671,57.6,63.5,ThrowDiscus
video_test_0000671,63.9,71.2,ThrowDiscus
video_test_0000671,71.9,80.2,ThrowDiscus
video_test_0000671,80.7,89.2,ThrowDiscus
video_test_0000444,12.4,22.9,PoleVault
video_test_0000444,36.2,42.7,PoleVault
video_test_0000444,55.0,63.0,PoleVault
video_test_0000444,77.0,85.7,PoleVault
video_test_0000444,94.4,105.3,PoleVault
video_test_0000444,113.1,118.0,PoleVault
video_test_0000444,129.6,138.6,PoleVault
video_test_0001058,0.6,8.2,HammerThrow
video_test_0001058,25.7,33.9,HammerThrow
video_test_0001058,55.0,64.5,HammerThrow
video_test_0001058,79.1,86.6,HammerThrow
video_test_0001058,103.8,109.2,HammerThrow
video_test_0001058,127.4,134.5,HammerThrow
video_test_0001058,155.7,160.8,HammerThrow
video_test_0001058,174.2,182.9,HammerThrow
video_test_0001058,199.2,202.9,HammerThrow
video_test_0001058,225.7,232.3,HammerThrow
video_test_0001058,245.7,252.9,HammerThrow
video_test_0001058,261.8,267.1,HammerThrow
video_test_0001058,288.1,295.3,HammerThrow
video_test_0001058,304.4,309.3,HammerThrow
video_test_0001058,332.6,339.9,HammerThrow
video_test_0001058,352.3,359.9,HammerThrow
video_test_0001058,375.9,385.2,HammerThrow
video_test_0001058,390.2,399.9,HammerThrow
video_test_0001058,417.0,422.6,HammerThrow
video_test_0001058,423.4,429.3,HammerThrow
video_test_0001058,444.9,451.3,HammerThrow
video_test_0001058,479.8,489.5,HammerThrow
video_test_0001058,508.9,514.6,HammerThrow
video_test_0001058,517.0,518.6,HammerThrow
video_test_0001058,529.8,535.3,HammerThrow
video_test_0001058,555.2,560.8,HammerThrow
video_test_0001058,581.0,586.5,HammerThrow
video_test_0001058,594.4,601.8,HammerThrow
video_test_0001058,606.6,612.2,HammerThrow
video_test_0001058,624.1,630.0,HammerThrow
video_test_0001058,647.6,652.0,HammerThrow
video_test_0001058,673.0,680.1,HammerThrow
video_test_0001058,697.9,703.4,HammerThrow
video_test_0001058,714.0,724.2,HammerThrow
video_test_0001058,747.8,754.3,HammerThrow
video_test_0001058,761.0,768.6,HammerThrow
video_test_0001058,780.5,785.9,HammerThrow
video_test_0001058,809.2,816.3,HammerThrow
video_test_0001058,833.5,843.0,HammerThrow
video_test_0001058,861.8,867.5,HammerThrow
video_test_0001058,884.0,892.2,HammerThrow
video_test_0001058,908.8,917.1,HammerThrow
video_test_0001058,934.8,940.7,HammerThrow
video_test_0000464,27.7,32.1,PoleVault
video_test_0000464,32.9,46.5,PoleVault
video_test_0000464,48.3,55.1,PoleVault
video_test_0000464,55.8,68.3,PoleVault
video_test_0000464,73.3,80.0,PoleVault
video_test_0000464,80.9,95.4,PoleVault
video_test_0000464,97.2,104.9,PoleVault
video_test_0000464,105.8,117.2,PoleVault
video_test_0000464,123.9,129.8,PoleVault
video_test_0000464,130.4,143.7,PoleVault
video_test_0000464,145.8,152.5,PoleVault
video_test_0000464,152.9,165.8,PoleVault
video_test_0000464,172.2,179.6,PoleVault
video_test_0000464,180.7,194.1,PoleVault
video_test_0000464,200.0,207.3,PoleVault
video_test_0000464,207.7,221.5,PoleVault
video_test_0000464,225.3,230.7,PoleVault
video_test_0000464,232.5,246.5,PoleVault
video_test_0000464,249.6,256.0,PoleVault
video_test_0000464,257.5,270.5,PoleVault
video_test_0000464,276.3,282.0,PoleVault
video_test_0000464,285.7,298.2,PoleVault
video_test_0000464,307.5,316.0,PoleVault
video_test_0000464,317.7,331.9,PoleVault
video_test_0000464,347.3,357.1,PoleVault
video_test_0000464,365.0,375.9,PoleVault
video_test_0000464,382.8,390.4,PoleVault
video_test_0000464,391.7,404.3,PoleVault
video_test_0000464,408.9,412.4,PoleVault
video_test_0000464,416.4,429.5,PoleVault
video_test_0000464,436.4,447.1,PoleVault
video_test_0000464,451.7,465.1,PoleVault
video_test_0000464,469.6,476.8,PoleVault
video_test_0000464,477.3,489.7,PoleVault
video_test_0000464,491.4,497.8,PoleVault
video_test_0000464,503.7,516.8,PoleVault
video_test_0000464,535.3,542.8,PoleVault
video_test_0000464,549.0,562.3,PoleVault
video_test_0000814,59.6,64.2,ThrowDiscus
video_test_0000814,116.9,120.2,ThrowDiscus
video_test_0000814,154.8,160.4,ThrowDiscus
video_test_0000814,21.5,24.1,ThrowDiscus
video_test_0000814,24.8,29.8,ThrowDiscus
video_test_0000814,32.2,34.8,ThrowDiscus
video_test_0000814,78.7,85.6,ThrowDiscus
video_test_0000814,165.7,168.3,ThrowDiscus
video_test_0001409,19.6,22.2,SoccerPenalty
video_test_0001409,57.7,59.8,SoccerPenalty
video_test_0001409,80.3,84.6,SoccerPenalty
video_test_0001409,100.4,103.4,SoccerPenalty
video_test_0001409,121.1,123.6,SoccerPenalty
video_test_0001409,141.1,146.7,SoccerPenalty
video_test_0001409,163.5,167.1,SoccerPenalty
video_test_0000767,10.9,12.3,BaseballPitch
video_test_0000793,12.3,22.0,PoleVault
video_test_0000793,35.2,43.7,PoleVault
video_test_0000793,48.9,60.3,PoleVault
video_test_0000793,61.8,71.7,PoleVault
video_test_0000793,77.6,89.5,PoleVault
video_test_0000793,90.5,102.7,PoleVault
video_test_0000793,111.0,119.8,PoleVault
video_test_0000793,121.3,138.4,PoleVault
video_test_0000793,143.3,152.1,PoleVault
video_test_0000793,153.9,162.7,PoleVault
video_test_0000793,176.1,184.4,PoleVault
video_test_0000793,187.8,195.8,PoleVault
video_test_0000793,198.6,206.4,PoleVault
video_test_0000793,211.3,219.6,PoleVault
video_test_0000793,223.7,231.8,PoleVault
video_test_0000793,236.8,245.3,PoleVault
video_test_0000793,251.7,261.3,PoleVault
video_test_0000793,270.9,278.7,PoleVault
video_test_0000793,285.3,293.0,PoleVault
video_test_0000793,304.0,311.6,PoleVault
video_test_0000793,331.5,340.5,PoleVault
video_test_0000793,347.1,357.7,PoleVault
video_test_0000793,378.5,387.4,PoleVault
video_test_0000793,407.0,416.4,PoleVault
video_test_0000793,434.2,442.8,PoleVault
video_test_0000793,449.8,459.7,PoleVault
video_test_0000793,475.7,484.9,PoleVault
video_test_0000793,555.0,565.3,PoleVault
video_test_0000793,567.7,576.6,PoleVault
video_test_0000793,582.4,595.6,PoleVault
video_test_0000793,616.2,626.8,PoleVault
video_test_0000793,648.7,657.5,PoleVault
video_test_0000793,665.9,676.9,PoleVault
video_test_0000793,677.6,688.2,PoleVault
video_test_0000793,703.2,712.7,PoleVault
video_test_0000793,713.5,721.1,PoleVault
video_test_0000793,735.7,744.2,PoleVault
video_test_0000793,754.0,764.2,PoleVault
video_test_0000793,777.1,786.1,PoleVault
video_test_0000793,792.8,801.1,PoleVault
video_test_0000793,886.0,894.7,PoleVault
video_test_0000793,915.3,923.1,PoleVault
video_test_0000793,928.0,936.8,PoleVault
video_test_0000793,944.6,955.5,PoleVault
video_test_0000793,970.9,984.3,PoleVault
video_test_0000793,989.0,996.2,PoleVault
video_test_0000793,1005.2,1015.9,PoleVault
video_test_0000793,1035.0,1042.8,PoleVault
video_test_0000793,1052.8,1061.0,PoleVault
video_test_0000793,1068.7,1075.7,PoleVault
video_test_0000793,1100.7,1111.3,PoleVault
video_test_0000793,1125.5,1136.1,PoleVault
video_test_0000793,1139.3,1147.2,PoleVault
video_test_0000793,1164.4,1174.4,PoleVault
video_test_0000793,1184.5,1192.3,PoleVault
video_test_0000793,1195.6,1204.8,PoleVault
video_test_0000793,1230.3,1236.6,PoleVault
video_test_0000793,1242.6,1249.6,PoleVault
video_test_0000793,1253.7,1262.9,PoleVault
video_test_0000793,1265.4,1272.3,PoleVault
video_test_0000793,1272.8,1277.0,PoleVault
video_test_0000793,1280.3,1287.2,PoleVault
video_test_0000793,1342.0,1351.5,PoleVault
video_test_0000793,1357.5,1369.4,PoleVault
video_test_0000793,1440.9,1450.1,PoleVault
video_test_0000793,1451.6,1463.1,PoleVault
video_test_0000793,1472.8,1480.9,PoleVault
video_test_0000793,1482.1,1488.1,PoleVault
video_test_0000793,1556.7,1567.1,PoleVault
video_test_0000793,1579.9,1588.3,PoleVault
video_test_0000793,1594.4,1603.8,PoleVault
video_test_0000793,1626.0,1635.4,PoleVault
video_test_0000793,1654.8,1661.4,PoleVault
video_test_0000987,33.5,39.1,ThrowDiscus
video_test_0000987,45.1,49.4,ThrowDiscus
video_test_0000987,96.6,102.9,ThrowDiscus
video_test_0000987,107.9,115.3,ThrowDiscus
video_test_0000987,128.1,132.2,ThrowDiscus
video_test_0000987,161.8,168.3,ThrowDiscus
video_test_0000873,6.3,9.0,BaseballPitch
video_test_0000664,1.3,4.8,BaseballPitch
video_test_0000664,22.3,25.3,BaseballPitch
video_test_0000664,56.8,59.7,BaseballPitch
video_test_0001324,8.4,10.9,BaseballPitch
video_test_0001324,18.2,20.2,BaseballPitch
video_test_0001324,44.6,46.7,BaseballPitch
video_test_0001324,54.7,57.3,BaseballPitch
video_test_0001324,62.4,64.4,BaseballPitch
video_test_0001324,72.2,75.2,BaseballPitch
video_test_0001324,85.7,87.9,BaseballPitch
video_test_0001324,95.9,98.5,BaseballPitch
video_test_0001324,104.7,106.4,BaseballPitch
video_test_0001324,119.7,121.0,BaseballPitch
video_test_0001324,129.2,130.8,BaseballPitch
video_test_0001324,131.0,132.2,BaseballPitch
video_test_0001324,134.8,136.5,BaseballPitch
video_test_0001324,136.7,137.7,BaseballPitch
video_test_0001324,138.0,139.3,BaseballPitch
video_test_0001324,139.9,141.5,BaseballPitch
video_test_0001324,141.6,142.8,BaseballPitch
video_test_0001324,143.0,144.1,BaseballPitch
video_test_0001324,144.7,145.6,BaseballPitch
video_test_0000689,62.8,65.4,SoccerPenalty
video_test_0000689,101.6,103.7,SoccerPenalty
video_test_0000324,49.2,53.5,BaseballPitch
video_test_0000324,116.7,122.5,BaseballPitch
video_test_0000701,0.9,2.4,SoccerPenalty
video_test_0000701,16.2,26.2,SoccerPenalty
video_test_0000701,33.9,35.8,SoccerPenalty
video_test_0000701,41.4,44.0,SoccerPenalty
video_test_0000882,11.4,17.3,HammerThrow
video_test_0000882,17.5,23.2,HammerThrow
video_test_0000882,29.3,36.8,HammerThrow
video_test_0000882,42.1,46.8,HammerThrow
video_test_0000882,49.6,55.5,HammerThrow
video_test_0000882,59.8,66.5,HammerThrow
video_test_0000882,76.4,81.9,HammerThrow
video_test_0000882,82.8,90.1,HammerThrow
video_test_0000882,95.3,103.1,HammerThrow
video_test_0000882,107.6,113.7,HammerThrow
video_test_0000882,118.1,124.0,HammerThrow
video_test_0000882,124.7,129.3,HammerThrow
video_test_0000882,135.5,142.1,HammerThrow
video_test_0000882,147.1,156.1,HammerThrow
video_test_0000882,162.9,172.0,HammerThrow
video_test_0000882,178.1,185.4,HammerThrow
video_test_0000882,190.3,196.5,HammerThrow
video_test_0000882,201.6,207.6,HammerThrow
video_test_0000882,208.0,213.7,HammerThrow
video_test_0000882,219.0,224.3,HammerThrow
video_test_0000882,233.1,239.1,HammerThrow
video_test_0000964,7.5,15.3,BaseballPitch
video_test_0000964,42.5,47.3,BaseballPitch
video_test_0000964,52.2,56.4,BaseballPitch
video_test_0001123,0.0,5.4,PoleVault
video_test_0001123,5.6,10.8,PoleVault
video_test_0001123,11.0,19.3,PoleVault
video_test_0001123,19.5,24.8,PoleVault
video_test_0001123,25.0,38.4,PoleVault
video_test_0001123,38.7,43.7,PoleVault
video_test_0001123,43.9,49.0,PoleVault
video_test_0001123,49.3,61.9,PoleVault
video_test_0001123,62.4,67.3,PoleVault
video_test_0001123,67.4,72.0,PoleVault
video_test_0001123,72.1,84.7,PoleVault
video_test_0001123,84.8,90.3,PoleVault
video_test_0001123,90.6,95.2,PoleVault
video_test_0001123,95.7,108.6,PoleVault
video_test_0001123,109.0,114.3,PoleVault
video_test_0001123,114.6,119.4,PoleVault
video_test_0001123,119.6,133.4,PoleVault
video_test_0001123,133.6,138.2,PoleVault
video_test_0001123,138.5,143.2,PoleVault
video_test_0001123,143.4,152.1,PoleVault
video_test_0001123,152.2,161.1,PoleVault
video_test_0001123,161.4,167.0,PoleVault
video_test_0001123,167.1,184.0,PoleVault
video_test_0001123,184.6,190.7,PoleVault
video_test_0001123,190.7,198.6,PoleVault
video_test_0001123,198.9,211.4,PoleVault
video_test_0001123,211.6,218.0,PoleVault
video_test_0001123,218.3,227.0,PoleVault
video_test_0001123,229.9,243.7,PoleVault
video_test_0000319,14.2,18.2,ThrowDiscus
video_test_0000319,47.6,54.3,ThrowDiscus
video_test_0000319,97.7,104.2,ThrowDiscus
video_test_0000319,123.6,130.2,ThrowDiscus
video_test_0001038,50.6,54.2,BaseballPitch
video_test_0001038,110.5,114.1,BaseballPitch
video_test_0001447,172.7,175.3,BaseballPitch
video_test_0001164,8.7,21.1,HammerThrow
video_test_0001164,22.7,40.7,HammerThrow
video_test_0001164,42.8,58.4,HammerThrow
video_test_0001164,61.2,77.3,HammerThrow
video_test_0001164,82.8,98.7,HammerThrow
video_test_0001164,99.1,109.5,HammerThrow
video_test_0001164,111.3,122.3,HammerThrow
video_test_0001164,124.4,134.2,HammerThrow
video_test_0001164,135.3,146.2,HammerThrow
video_test_0001164,148.9,161.2,HammerThrow
video_test_0001164,164.2,179.9,HammerThrow
video_test_0001164,184.2,186.1,HammerThrow
video_test_0001164,198.4,212.0,HammerThrow
video_test_0001164,213.6,223.7,HammerThrow
video_test_0001164,227.4,239.3,HammerThrow
video_test_0001164,248.1,254.8,HammerThrow
video_test_0001164,259.4,269.4,HammerThrow
video_test_0001164,271.0,277.5,HammerThrow
video_test_0001164,279.9,290.6,HammerThrow
video_test_0001164,295.1,298.6,HammerThrow
video_test_0001164,325.9,333.3,HammerThrow
video_test_0001164,345.1,351.9,HammerThrow
video_test_0001164,356.8,364.9,HammerThrow
video_test_0001164,391.5,401.3,HammerThrow
video_test_0001164,419.1,433.0,HammerThrow
video_test_0001164,459.5,467.3,HammerThrow
video_test_0001164,486.0,492.7,HammerThrow
video_test_0001164,502.0,512.2,HammerThrow
video_test_0001164,516.6,522.1,HammerThrow
video_test_0001164,542.8,547.7,HammerThrow
video_test_0001164,585.0,600.1,HammerThrow
video_test_0001164,650.3,658.0,HammerThrow
video_test_0001164,671.7,679.4,HammerThrow
video_test_0001164,705.4,706.5,HammerThrow
video_test_0001164,708.5,709.8,HammerThrow
video_test_0001164,713.5,714.6,HammerThrow
video_test_0001164,727.8,733.0,HammerThrow
video_test_0001164,733.4,736.4,HammerThrow
video_test_0001164,739.9,742.5,HammerThrow
video_test_0001164,746.1,748.9,HammerThrow
video_test_0001164,751.9,755.5,HammerThrow
video_test_0000665,9.9,15.8,PoleVault
video_test_0000665,19.9,22.6,PoleVault
video_test_0000665,23.2,25.2,PoleVault
video_test_0000665,26.3,29.0,PoleVault
video_test_0000665,29.4,31.2,PoleVault
video_test_0000665,34.8,37.0,PoleVault
video_test_0000665,37.2,40.6,PoleVault
video_test_0000665,64.9,66.7,PoleVault
video_test_0000665,67.3,70.1,PoleVault
video_test_0000665,88.6,89.9,PoleVault
video_test_0000665,90.1,92.6,PoleVault
video_test_0000665,97.9,100.1,PoleVault
video_test_0000665,100.2,103.8,PoleVault
video_test_0000665,113.7,116.3,PoleVault
video_test_0000665,119.3,122.4,PoleVault
video_test_0000665,122.9,125.5,PoleVault
video_test_0000665,128.3,131.0,PoleVault
video_test_0000665,134.1,137.4,PoleVault
video_test_0000665,141.0,143.5,PoleVault
video_test_0000665,144.8,147.2,PoleVault
video_test_0000665,153.1,157.8,PoleVault
video_test_0000665,158.1,160.3,PoleVault
video_test_0000665,161.1,164.0,PoleVault
video_test_0000665,164.3,167.7,PoleVault
video_test_0000665,168.6,171.3,PoleVault
video_test_0000665,174.5,177.5,PoleVault
video_test_0000665,182.3,184.6,PoleVault
video_test_0000665,184.9,190.2,PoleVault
video_test_0000665,198.2,205.8,PoleVault
video_test_0000665,210.4,213.8,PoleVault
video_test_0000665,214.7,220.1,PoleVault
video_test_0000665,220.8,224.3,PoleVault
video_test_0000665,224.7,227.2,PoleVault
video_test_0000665,228.5,230.6,PoleVault
video_test_0000665,230.9,238.3,PoleVault
video_test_0000665,242.1,245.2,PoleVault
video_test_0000665,262.9,266.7,PoleVault
video_test_0000665,270.7,274.5,PoleVault
video_test_0000665,274.8,282.9,PoleVault
video_test_0000665,287.0,292.9,PoleVault
video_test_0000665,296.4,299.0,PoleVault
video_test_0000665,310.6,314.4,PoleVault
video_test_0001182,1.3,3.7,BaseballPitch
video_test_0001182,78.1,81.2,BaseballPitch
video_test_0001182,89.9,92.9,BaseballPitch
video_test_0000991,8.1,11.7,SoccerPenalty
video_test_0000991,14.8,17.6,SoccerPenalty
video_test_0000991,26.2,28.9,SoccerPenalty
video_test_0000991,29.8,33.6,SoccerPenalty
video_test_0000991,34.0,38.3,SoccerPenalty
video_test_0000991,38.4,38.9,SoccerPenalty
video_test_0000991,39.0,39.5,SoccerPenalty
video_test_0000991,39.7,40.3,SoccerPenalty
video_test_0000991,45.9,49.6,SoccerPenalty
video_test_0000991,54.8,57.9,SoccerPenalty
video_test_0000991,60.0,66.6,SoccerPenalty
video_test_0000991,66.8,69.7,SoccerPenalty
video_test_0001556,53.0,55.3,SoccerPenalty
video_test_0001556,78.2,83.8,SoccerPenalty
video_test_0001207,30.5,38.5,PoleVault
video_test_0001207,53.7,59.6,PoleVault
video_test_0001207,67.8,74.5,PoleVault
video_test_0001207,80.1,88.1,PoleVault
video_test_0001207,91.9,99.6,PoleVault
video_test_0001207,111.2,117.4,PoleVault
video_test_0001207,123.6,130.4,PoleVault
video_test_0001207,136.6,146.0,PoleVault
video_test_0001207,153.0,165.3,PoleVault
video_test_0001207,172.5,178.8,PoleVault
video_test_0001207,192.2,199.1,PoleVault
video_test_0001207,206.2,216.7,PoleVault
video_test_0001207,227.3,238.0,PoleVault
video_test_0001207,241.8,249.1,PoleVault
video_test_0001207,256.4,268.7,PoleVault
video_test_0001207,281.0,287.2,PoleVault
video_test_0001207,294.5,303.4,PoleVault
video_test_0001207,316.7,326.0,PoleVault
video_test_0001207,338.1,347.4,PoleVault
video_test_0001207,364.7,371.8,PoleVault
video_test_0001207,386.3,392.7,PoleVault
video_test_0001207,399.2,410.9,PoleVault
video_test_0001207,419.5,424.7,PoleVault
video_test_0001207,441.1,449.0,PoleVault
video_test_0001207,455.0,468.2,PoleVault
video_test_0001207,479.0,489.9,PoleVault
video_test_0001207,503.1,509.5,PoleVault
video_test_0001207,520.5,527.3,PoleVault
video_test_0001207,542.7,552.7,PoleVault
video_test_0001207,559.2,567.7,PoleVault
video_test_0001207,581.2,587.4,PoleVault
video_test_0001207,600.4,611.5,PoleVault
video_test_0001207,618.9,624.5,PoleVault
video_test_0001207,633.3,644.1,PoleVault
video_test_0001207,659.7,665.6,PoleVault
video_test_0001207,684.0,692.3,PoleVault
video_test_0001207,704.1,714.1,PoleVault
video_test_0001207,726.4,734.7,PoleVault
video_test_0001207,746.4,754.3,PoleVault
video_test_0001207,763.4,773.0,PoleVault
video_test_0001207,785.7,795.5,PoleVault
video_test_0001207,812.2,820.0,PoleVault
video_test_0001207,834.3,846.0,PoleVault
video_test_0001207,849.0,862.5,PoleVault
video_test_0001207,875.0,883.6,PoleVault
video_test_0001207,896.5,904.0,PoleVault
video_test_0001207,914.2,930.3,PoleVault
video_test_0001207,945.3,952.9,PoleVault
video_test_0001207,980.4,988.8,PoleVault
video_test_0001207,1006.7,1020.2,PoleVault
video_test_0001207,1032.2,1044.3,PoleVault
video_test_0001207,1051.3,1058.3,PoleVault
video_test_0000946,0.9,3.5,BaseballPitch
video_test_0000946,13.1,17.4,BaseballPitch
video_test_0000270,0.4,1.5,HammerThrow
video_test_0000270,14.6,22.6,HammerThrow
video_test_0000270,60.1,66.1,HammerThrow
video_test_0000270,78.7,84.8,HammerThrow
video_test_0000270,98.7,104.9,HammerThrow
video_test_0000270,119.7,130.2,HammerThrow
video_test_0000270,144.8,151.2,HammerThrow
video_test_0000626,0.0,7.1,PoleVault
video_test_0000626,7.4,13.4,PoleVault
video_test_0000626,13.7,18.5,PoleVault
video_test_0000626,29.4,35.9,PoleVault
video_test_0000626,53.9,61.1,PoleVault
video_test_0000626,78.4,83.1,PoleVault
video_test_0000626,84.0,88.0,PoleVault
video_test_0000626,92.7,95.5,PoleVault
video_test_0000626,99.0,104.6,PoleVault
video_test_0000626,111.1,114.5,PoleVault
video_test_0000626,118.4,122.5,PoleVault
video_test_0000626,124.3,128.4,PoleVault
video_test_0000626,135.1,138.7,PoleVault
video_test_0000626,153.3,159.3,PoleVault
video_test_0000626,210.0,218.0,PoleVault
video_test_0000626,220.9,226.3,PoleVault
video_test_0000626,233.1,240.7,PoleVault
video_test_0000626,242.7,247.1,PoleVault
video_test_0001153,69.5,72.1,SoccerPenalty
video_test_0001153,97.5,100.5,SoccerPenalty
video_test_0001153,101.9,106.2,SoccerPenalty
video_test_0001235,18.2,23.1,PoleVault
video_test_0001235,23.6,28.0,PoleVault
video_test_0001235,30.3,36.0,PoleVault
video_test_0001235,36.2,41.9,PoleVault
video_test_0001235,43.7,49.0,PoleVault
video_test_0001235,50.0,55.5,PoleVault
video_test_0001235,57.2,63.5,PoleVault
video_test_0001235,64.1,69.4,PoleVault
video_test_0001235,71.5,77.1,PoleVault
video_test_0001235,78.0,84.0,PoleVault
video_test_0001235,87.0,91.6,PoleVault
video_test_0001235,92.4,97.3,PoleVault
video_test_0001235,101.0,105.9,PoleVault
video_test_0001235,106.1,111.6,PoleVault
video_test_0001235,114.1,119.5,PoleVault
video_test_0001235,119.9,124.9,PoleVault
video_test_0001235,127.5,133.6,PoleVault
video_test_0001235,134.0,139.6,PoleVault
video_test_0001235,141.9,146.9,PoleVault
video_test_0001235,147.2,153.3,PoleVault
video_test_0001235,155.9,160.8,PoleVault
video_test_0001235,161.2,167.0,PoleVault
video_test_0001235,169.4,174.8,PoleVault
video_test_0001235,175.2,181.1,PoleVault
video_test_0001235,183.8,188.1,PoleVault
video_test_0001235,188.7,194.8,PoleVault
video_test_0001235,197.4,201.3,PoleVault
video_test_0001235,201.9,207.8,PoleVault
video_test_0001235,208.9,215.4,PoleVault
video_test_0001235,215.7,221.4,PoleVault
video_test_0001235,222.2,228.7,PoleVault
video_test_0001235,229.3,235.3,PoleVault
video_test_0001235,236.1,241.2,PoleVault
video_test_0001235,241.7,247.1,PoleVault
video_test_0001235,249.3,254.4,PoleVault
video_test_0001235,254.9,260.8,PoleVault
video_test_0001235,262.6,268.3,PoleVault
video_test_0001235,268.5,273.9,PoleVault
video_test_0001235,276.3,281.8,PoleVault
video_test_0001235,282.1,288.3,PoleVault
video_test_0001235,290.0,295.6,PoleVault
video_test_0001235,296.3,301.4,PoleVault
video_test_0001235,305.6,309.4,PoleVault
video_test_0001235,310.1,315.9,PoleVault
video_test_0001235,317.1,323.2,PoleVault
video_test_0001235,323.5,329.6,PoleVault
video_test_0001235,332.4,343.5,PoleVault
video_test_0001235,344.9,350.1,PoleVault
video_test_0001235,350.3,357.2,PoleVault
video_test_0001235,357.4,363.3,PoleVault
video_test_0001235,363.8,370.1,PoleVault
video_test_0001235,370.6,375.6,PoleVault
video_test_0001235,375.9,382.4,PoleVault
video_test_0001235,384.2,390.1,PoleVault
video_test_0001235,390.6,396.7,PoleVault
video_test_0001235,397.7,402.8,PoleVault
video_test_0001235,403.3,409.6,PoleVault
video_test_0001235,409.9,415.5,PoleVault
video_test_0001235,416.0,422.5,PoleVault
video_test_0001235,423.7,429.6,PoleVault
video_test_0001235,430.0,436.3,PoleVault
video_test_0001235,439.6,449.4,PoleVault
video_test_0001235,450.1,456.0,PoleVault
video_test_0001235,456.3,462.4,PoleVault
video_test_0001235,464.4,469.6,PoleVault
video_test_0001235,469.9,475.4,PoleVault
video_test_0001235,477.3,482.7,PoleVault
video_test_0001235,483.2,488.8,PoleVault
video_test_0001235,489.8,495.1,PoleVault
video_test_0001235,495.5,501.2,PoleVault
video_test_0001235,501.7,510.6,PoleVault
video_test_0001235,512.7,517.8,PoleVault
video_test_0001235,518.3,523.5,PoleVault
video_test_0001235,525.4,530.4,PoleVault
video_test_0001235,530.8,536.5,PoleVault
video_test_0001235,539.3,544.0,PoleVault
video_test_0001235,544.5,551.0,PoleVault
video_test_0001235,551.9,557.5,PoleVault
video_test_0001235,558.1,564.1,PoleVault
video_test_0001235,564.3,571.0,PoleVault
video_test_0001235,571.6,578.1,PoleVault
video_test_0001235,578.7,583.1,PoleVault
video_test_0001235,583.4,589.7,PoleVault
video_test_0001235,591.2,596.6,PoleVault
video_test_0001235,596.9,602.6,PoleVault
video_test_0001235,604.8,609.8,PoleVault
video_test_0001235,610.6,616.3,PoleVault
video_test_0001235,618.5,624.3,PoleVault
video_test_0001235,624.6,630.6,PoleVault
video_test_0001235,632.2,635.8,PoleVault
video_test_0001235,636.0,642.5,PoleVault
video_test_0001235,643.0,648.8,PoleVault
video_test_0001235,649.1,655.5,PoleVault
video_test_0001235,657.0,661.6,PoleVault
video_test_0001235,661.7,667.5,PoleVault
video_test_0001235,669.8,673.6,PoleVault
video_test_0001235,674.0,680.0,PoleVault
video_test_0001235,681.1,685.3,PoleVault
video_test_0001235,685.4,691.7,PoleVault
video_test_0001235,698.3,703.3,PoleVault
video_test_0001235,703.5,709.9,PoleVault
video_test_0001235,714.7,720.9,PoleVault
video_test_0001235,721.2,727.5,PoleVault
video_test_0001235,728.5,734.7,PoleVault
video_test_0001235,735.0,741.2,PoleVault
video_test_0001235,747.7,753.6,PoleVault
video_test_0001235,753.8,760.5,PoleVault
video_test_0001235,766.2,771.1,PoleVault
video_test_0001235,771.5,778.6,PoleVault
video_test_0001235,783.2,789.0,PoleVault
video_test_0001235,789.2,796.1,PoleVault
video_test_0001229,25.0,32.3,HammerThrow
video_test_0001229,34.9,40.3,HammerThrow
video_test_0001229,41.3,46.5,HammerThrow
video_test_0001229,51.6,57.1,HammerThrow
video_test_0001229,60.1,64.5,HammerThrow
video_test_0001229,74.7,80.4,HammerThrow
video_test_0001229,84.3,88.7,HammerThrow
video_test_0001229,89.3,93.8,HammerThrow
video_test_0001229,94.0,100.0,HammerThrow
video_test_0001229,114.2,121.2,HammerThrow
video_test_0001229,121.9,130.8,HammerThrow
video_test_0001229,135.9,141.7,HammerThrow
video_test_0001229,148.0,155.0,HammerThrow
video_test_0001229,164.0,171.2,HammerThrow
video_test_0001229,173.1,179.2,HammerThrow
video_test_0001229,179.8,189.6,HammerThrow
video_test_0001229,212.8,218.1,HammerThrow
video_test_0001229,218.5,223.4,HammerThrow
video_test_0001229,228.8,233.2,HammerThrow
video_test_0001229,234.4,238.6,HammerThrow
